Team 9ambler,감블러,c:\선수사진_사이즈통일\1팀_감블러.png
Team 9ambler,라스좌,c:\선수사진_사이즈통일\1팀_라스좌.png
Team 9ambler,실프,c:\선수사진_사이즈통일\1팀_실프.png
Team FAVaimbot,에임봇,c:\선수사진_사이즈통일\2팀_FAVaimbot.png
Team FAVaimbot,우장이네,c:\선수사진_사이즈통일\2팀_우장이네.png
Team FAVaimbot,TAR9ET_,c:\선수사진_사이즈통일\2팀_tar9et.png
Team recry_ow,Recry_ow,c:\선수사진_사이즈통일\3팀_Recryow.png
Team recry_ow,eff2ct,c:\선수사진_사이즈통일\3팀_eff2ct.png
Team recry_ow,twitch_ddu,c:\선수사진_사이즈통일\3팀_ddu.png
Team jeck_zero,jeck_zero,c:\선수사진_사이즈통일\4팀_jeckzero.png
Team jeck_zero,주스나_,c:\선수사진_사이즈통일\4팀_주스나.png
Team jeck_zero,수담,c:\선수사진_사이즈통일\4팀_수담.png
Team sundayttv,선데이,c:\선수사진_사이즈통일\5팀_선데이.png
Team sundayttv,ApexMandi,c:\선수사진_사이즈통일\5팀_apexmandi.png
Team sundayttv,로스진,c:\선수사진_사이즈통일\5팀_로스진.png
Team aParkha,빡하,c:\선수사진_사이즈통일\6팀_빡하.png
Team aParkha,seoldam99,c:\선수사진_사이즈통일\6팀_seoldam99.png
Team aParkha,모럽_,c:\선수사진_사이즈통일\6팀_모럽_.png
Team vor3z,보레즈,c:\선수사진_사이즈통일\7팀_보레즈.png
Team vor3z,치킨쿤,c:\선수사진_사이즈통일\7팀_치킨쿤.png
Team vor3z,류제홍,c:\선수사진_사이즈통일\7팀_류제홍.png
Team akagosu,김아카,c:\선수사진_사이즈통일\8팀_김아카.png
Team akagosu,대월향,c:\선수사진_사이즈통일\8팀_대월향.png
Team akagosu,강지,c:\선수사진_사이즈통일\8팀_강지.png
Team lah2,권라희,c:\선수사진_사이즈통일\9팀_권라희.png
Team lah2,ApexerKaRma,c:\선수사진_사이즈통일\9팀_ApexerKaRma.png
Team lah2,_피자도우_,c:\선수사진_사이즈통일\9팀_피자도우.png
Team apexdogmaa,apexdogmaa,c:\선수사진_사이즈통일\10팀_도그마.png
Team apexdogmaa,멍봉,c:\선수사진_사이즈통일\10팀_멍봉.png
Team apexdogmaa,유보미,c:\선수사진_사이즈통일\10팀_유보미.png
Team heegak,Heegak,c:\선수사진_사이즈통일\11팀_희각.png
Team heegak,문리아,c:\선수사진_사이즈통일\11팀_문리아.png
Team heegak,달짱,c:\선수사진_사이즈통일\11팀_달짱.png
Team remguri,렘쨩,c:\선수사진_사이즈통일\12팀_렘쨩.png
Team remguri,딩셉션,c:\선수사진_사이즈통일\12팀_딩셉션.png
Team remguri,FPSDEX,c:\선수사진_사이즈통일\12팀_FPS DEX.png
Team tf2pine,tf2pine,c:\선수사진_사이즈통일\13팀_Tf2pine(파인).png
Team tf2pine,J1_KR,c:\선수사진_사이즈통일\13팀_J1_KR.png
Team tf2pine,easybro1997,c:\선수사진_사이즈통일\13팀_easybro1997.png
Team mirage720,미라지,c:\선수사진_사이즈통일\14팀_미라지.png
Team mirage720,쪼물락낙지,c:\선수사진_사이즈통일\14팀_Jjonaklove(쪼낙).png
Team mirage720,기도,c:\선수사진_사이즈통일\14팀_Oogido(기도).png
Team dlwhdsud,디지니스,c:\선수사진_사이즈통일\15팀_디지니스.png
Team dlwhdsud,케장,c:\선수사진_사이즈통일\15팀_케장.png
Team dlwhdsud,하윤,c:\선수사진_사이즈통일\15팀_하윤.png